{
	"partitions" : [
		{
			"name" : "Top",
			"pins" : [
				{
					"name" : "GPIO_1_D[8]",
					"strict" : false
				},
				{
					"name" : "GPIO_1_D[10]",
					"strict" : false
				},
				{
					"name" : "GPIO_1_D[12]",
					"strict" : false
				},
				{
					"name" : "GPIO_1_D[14]",
					"strict" : false
				},
				{
					"name" : "GPIO_1_D[16]",
					"strict" : false
				},
				{
					"name" : "GPIO_1_D[18]",
					"strict" : false
				},
				{
					"name" : "GPIO_1_D[20]",
					"strict" : false
				},
				{
					"name" : "GPIO_1_D[22]",
					"strict" : false
				},
				{
					"name" : "CLOCK_50",
					"strict" : false
				}
			]
		}
	]
}